{"accuracy": [0.3697916567325592, 0.6000000238418579, 0.6895833611488342, 0.7380208373069763, 0.7583333253860474, 0.7796875238418579, 0.8036458492279053, 0.8239583373069763, 0.840624988079071, 0.846875011920929, 0.8682291507720947, 0.8588541746139526, 0.8770833611488342, 0.8880208134651184, 0.8927083611488342, 0.8973958492279053, 0.9083333611488342, 0.9140625, 0.9130208492279053, 0.9229166507720947, 0.9192708134651184, 0.9260416626930237, 0.9333333373069763, 0.940625011920929, 0.9401041865348816], "loss": [1.6027463674545288, 1.143743872642517, 0.9006606340408325, 0.7752627730369568, 0.6982136368751526, 0.6409951448440552, 0.5949476957321167, 0.5423898696899414, 0.4953489899635315, 0.472556471824646, 0.4406742453575134, 0.4283902049064636, 0.38933834433555603, 0.37154680490493774, 0.3505413830280304, 0.3319888412952423, 0.3169161081314087, 0.29798927903175354, 0.2864606976509094, 0.27171438932418823, 0.26536670327186584, 0.25527894496917725, 0.24010495841503143, 0.22833243012428284, 0.21305014193058014], "val_accuracy": [0.6118143200874329, 0.6877636909484863, 0.7383966445922852, 0.753164529800415, 0.7594936490058899, 0.7953586578369141, 0.797468364238739, 0.8143460154533386, 0.8206751346588135, 0.8122363090515137, 0.8270041942596436, 0.8248944878578186, 0.8417721390724182, 0.8438818454742432, 0.8481012582778931, 0.8544303774833679, 0.8586497902870178, 0.852320671081543, 0.8586497902870178, 0.8607594966888428, 0.850210964679718, 0.8649789094924927, 0.8713080286979675, 0.8691983222961426, 0.8797468543052673], "val_loss": [1.1930081844329834, 0.9323198795318604, 0.7961552143096924, 0.7153691649436951, 0.6640850305557251, 0.6204793453216553, 0.590870201587677, 0.5596408247947693, 0.5359323620796204, 0.5211948752403259, 0.5046774744987488, 0.4926067590713501, 0.4784467816352844, 0.47361505031585693, 0.4534206688404083, 0.4499233067035675, 0.43169450759887695, 0.42495012283325195, 0.41260337829589844, 0.416973739862442, 0.41166749596595764, 0.39660629630088806, 0.38961005210876465, 0.38424909114837646, 0.37674257159233093]}